F1::#!!I,F2::Tool,F3::Feature,F4::Unit,F5::Value,,,,,
,,,,,,,,,
1,Line,Length,Pixel,130,,,,,
2,Line,Length,Pixel,219.04,,,,,
3,Line,Length,Pixel,64,,,,,
4,Line,Length,Pixel,32,,,,,
5,Line,Length,Pixel,48,,,,,
6,Line,Length,Pixel,28.07,,,,,
7,Line,Length,Pixel,24.08,,,,,
8,Line,Length,Pixel,40,,,,,
9,Line,Length,Pixel,38,,,,,
10,Line,Length,Pixel,34.13,,,,,
11,Line,Length,Pixel,68,,,,,
12,Line,Length,Pixel,64.07,,,,,
13,Length,Distance,Pixel,38.12,,,,,
14,Multiple Calipers,Distances0001,Pixel,,21,50,,,
,,,,,,,,,
15,Line,Length,Pixel,58.08,,,,,
16,Line,Length,Pixel,84.05,,,,,
17,Multiple Calipers,Distances0001,Pixel,,25,66,,,
,,,,,,,,,
18,Multiple Calipers,Distances0001,Pixel,,31,82,,,
,,,,,,,,,
19,Line,Length,Pixel,42.01,,,,,
20,Length,Distance,Pixel,69.03,,,,,
21,Multiple Calipers,Distances0001,Pixel,,28.27,61.69,,,
,,,,,,,,,
22,Multiple Calipers,Distances0001,Pixel,,37,91,,,
,,,,,,,,,
23,Length,Distance,Pixel,35,,,,,
24,Length,Distance,Pixel,43.1,,,,,
25,Length,Distance,Pixel,128.39,,,,,
26,Multiple Calipers,Distances0001,Pixel,,23,69,94,,
,,,,,,,,,
,,,,,,,,,
1,Multiple Calipers,Distances0001,Pixel,,47.6,85.05,,,
,,,,,,,,,
2,Multiple Distance,Distances0001,Pixel,,20,62,105,,
,,,,,,,,,
,,,,,,,,,
3,Line,Length,Pixel,131,,,,,
4,Line,Length,Pixel,57.01,,,,,
5,Line,Length,Pixel,44.55,,,,,
6,Line,Length,Pixel,46,,,,,
7,Multiple Calipers,Distances0001,Pixel,,21,79,,,
,,,,,,,,,
8,Multiple Calipers,Distances0001,Pixel,,18,68,,,
,,,,,,,,,
9,Multiple Calipers,Distances0001,Pixel,,68,131,,,
,,,,,,,,,
10,Line,Length,Pixel,26.68,,,,,
11,Length,Distance,Pixel,101.08,,,,,
12,Line,Length,Pixel,51,,,,,
13,Multiple Calipers,Distances0001,Pixel,,35.66,180.29,,,
,,,,,,,,,
14,Line,Length,Pixel,92.02,,,,,
15,Line,Length,Pixel,47.01,,,,,
16,Line,Length,Pixel,78.03,,,,,
17,Multiple Calipers,Distances0001,Pixel,,88,155,,,
,,,,,,,,,
18,Multiple Calipers,Distances0001,Pixel,,38,106,135,,
,,,,,,,,,
,,,,,,,,,
19,Length,Distance,Pixel,35,,,,,
20,Multiple Calipers,Distances0001,Pixel,,33,123,,,
,,,,,,,,,
21,Line,Length,Pixel,48,,,,,
22,Multiple Calipers,Distances0001,Pixel,,29,82,,,
,,,,,,,,,
23,Multiple Calipers,Distances0001,Pixel,,67,114,,,
,,,,,,,,,
24,Multiple Calipers,Distances0001,Pixel,,59,132,,,
,,,,,,,,,
25,Line,Length,Pixel,50,,,,,
26,Multiple Calipers,Distances0001,Pixel,,100,125,,,
,,,,,,,,,
27,Multiple Calipers,Distances0001,Pixel,,25,142,,,
,,,,,,,,,
1,Multiple Calipers,Distances0001,Pixel,,82,182,,,
,,,,,,,,,
2,Line,Length,Pixel,41,,,,,
3,Line,Length,Pixel,36,,,,,
4,Multiple Calipers,Distances0001,Pixel,,45.71,96.6,,,
,,,,,,,,,
5,Line,Length,Pixel,100.32,,,,,
6,Line,Length,Pixel,50.04,,,,,
7,Multiple Calipers,Distances0001,Pixel,,22,144,,,
,,,,,,,,,
8,Length,Distance,Pixel,67.01,,,,,
9,Length,Distance,Pixel,47.85,,,,,
10,Multiple Calipers,Distances0001,Pixel,,9.7,46.52,,,
,,,,,,,,,
11,Line,Length,Pixel,49.01,,,,,
12,Multiple Distance,Distances0001,Pixel,,115,187,293,,
,,,,,,,,,
,,,,,,,,,
13,Multiple Calipers,Distances0001,Pixel,,46,88,,,
,,,,,,,,,
14,Line,Length,Pixel,73.17,,,,,
15,Line,Length,Pixel,58.22,,,,,
16,Multiple Calipers,Distances0001,Pixel,,37,149,,,
,,,,,,,,,
17,Multiple Calipers,Distances0001,Pixel,,59.72,144.44,,,
,,,,,,,,,
18,Multiple Distance,Distances0001,Pixel,,55,94,135,,
,,,,,,,,,
,,,,,,,,,
19,Line,Length,Pixel,87.3,,,,,
20,Multiple Calipers,Distances0001,Pixel,,63,111,,,
,,,,,,,,,
21,Multiple Calipers,Distances0001,Pixel,,22.4,110.61,,,
,,,,,,,,,
22,Line,Length,Pixel,74.06,,,,,
23,Multiple Calipers,Distances0001,Pixel,,42.29,126.94,,,
,,,,,,,,,
24,Line,Length,Pixel,62,,,,,
25,Line,Length,Pixel,115.02,,,,,
26,Multiple Calipers,Distances0001,Pixel,,42,126,,,
,,,,,,,,,
27,Multiple Calipers,Distances0001,Pixel,,26,69,,,
,,,,,,,,,
28,Line,Length,Pixel,50,,,,,
29,Multiple Calipers,Distances0001,Pixel,,10,71,,,
,,,,,,,,,
30,Line,Length,Pixel,68.12,,,,,
31,Multiple Calipers,Distances0001,Pixel,,22,76,114,,
,,,,,,,,,
,,,,,,,,,
32,Multiple Calipers,Distances0001,Pixel,,89,143,,,
,,,,,,,,,
33,Line,Length,Pixel,36.22,,,,,
34,Line,Length,Pixel,28.07,,,,,
35,Multiple Calipers,Distances0001,Pixel,,41,61,,,
,,,,,,,,,
1,Multiple Calipers,Distances0001,Pixel,,58,90,,,
,,,,,,,,,
2,Multiple Calipers,Distances0001,Pixel,,79.43,129.13,,,
,,,,,,,,,
3,Line,Length,Pixel,47,,,,,
4,Line,Length,Pixel,100.02,,,,,
5,Line,Length,Pixel,48,,,,,
6,Line,Length,Pixel,36,,,,,
7,Line,Length,Pixel,30,,,,,
8,Line,Length,Pixel,152.41,,,,,
9,Line,Length,Pixel,90.67,,,,,
10,Multiple Calipers,Distances0001,Pixel,,21,73,,,
,,,,,,,,,
11,Multiple Calipers,Distances0001,Pixel,,39.47,91.53,,,
,,,,,,,,,
12,Multiple Calipers,Distances0001,Pixel,,23,91,129,,
,,,,,,,,,
,,,,,,,,,
13,Line,Length,Pixel,79.23,,,,,
14,Length,Distance,Pixel,75.01,,,,,
15,Multiple Calipers,Distances0001,Pixel,,15.96,62.34,,,
,,,,,,,,,
16,Multiple Calipers,Distances0001,Pixel,,28.05,49.55,74.19,188.11,
,,,,,,,,,
,,,,,,,,,
,,,,,,,,,
17,Multiple Calipers,Distances0001,Pixel,,38,124,,,
,,,,,,,,,
18,Line,Length,Pixel,96.13,,,,,
19,Line,Length,Pixel,65,,,,,
20,Line,Length,Pixel,128.04,,,,,
21,Line,Length,Pixel,49.09,,,,,
22,Multiple Calipers,Distances0001,Pixel,38,38,117,,,
,,,,,,,,,
23,Length,Distance,Pixel,44,,,,,
24,Multiple Calipers,Distances0001,Pixel,,54,92,,,
,,,,,,,,,
25,Line,Length,Pixel,55,,,,,
26,Line,Length,Pixel,32,,,,,
27,Multiple Calipers,Distances0001,Pixel,,35.51,81.79,,,
,,,,,,,,,
28,Line,Length,Pixel,46,,,,,
29,Line,Length,Pixel,67,,,,,
30,Line,Length,Pixel,67,,,,,
31,Line,Length,Pixel,88.2,,,,,
32,Line,Length,Pixel,76,,,,,
33,Line,Length,Pixel,69.03,,,,,
34,Multiple Calipers,Distances0001,Pixel,,41.49,83.05,,,
,,,,,,,,,
35,Line,Length,Pixel,50,,,,,
36,Line,Length,Pixel,36.06,,,,,
37,Line,Length,Pixel,52.04,,,,,
38,Multiple Calipers,Distances0001,Pixel,,53,117,,,
,,,,,,,,,
39,Multiple Calipers,Distances0001,Pixel,,21,97,,,
,,,,,,,,,
40,Multiple Calipers,Distances0001,Pixel,,46,158,189,,
,,,,,,,,,
,,,,,,,,,
1,Length,Distance,Pixel,73,,,,,
2,Line,Length,Pixel,63,,,,,
3,Multiple Calipers,Distances0001,Pixel,,35,163,,,
,,,,,,,,,
4,Line,Length,Pixel,71,,,,,
5,Length,Distance,Pixel,52,,,,,
6,Line,Length,Pixel,111.16,,,,,
7,Line,Length,Pixel,70.26,,,,,
8,Line,Length,Pixel,61.03,,,,,
9,Multiple Distance,Distances0001,Pixel,,26,67,157,,
,,,,,,,,,
,,,,,,,,,
10,Length,Distance,Pixel,75.01,,,,,
11,Length,Distance,Pixel,47.01,,,,,
12,Length,Distance,Pixel,120,,,,,
13,Length,Distance,Pixel,54.15,,,,,
14,Multiple Calipers,Distances0001,Pixel,,36.22,52.68,73.22,115.95,
,,,,,,,,,
,,,,,,,,,
,,,,,,,,,
15,Line,Length,Pixel,69.03,,,,,
16,Line,Length,Pixel,52.24,,,,,
17,Line,Length,Pixel,38,,,,,
18,Multiple Calipers,Distances0001,Pixel,,21,53,,,
,,,,,,,,,
19,Multiple Calipers,Distances0001,Pixel,,39,73,,,
,,,,,,,,,
20,Line,Length,Pixel,29,,,,,
21,Length,Distance,Pixel,38.01,,,,,
22,Multiple Calipers,Distances0001,Pixel,,70.73,203.93,,,
,,,,,,,,,
23,Multiple Calipers,Distances0001,Pixel,,51,121,,,
,,,,,,,,,
24,Multiple Calipers,Distances0001,Pixel,,39.32,97.58,,,
,,,,,,,,,
25,Multiple Calipers,Distances0001,Pixel,,57,119,,,
,,,,,,,,,
26,Line,Length,Pixel,35,,,,,
27,Length,Distance,Pixel,41.59,,,,,
28,Multiple Calipers,Distances0001,Pixel,,30.85,136.23,,,
,,,,,,,,,
29,Multiple Calipers,Distances0001,Pixel,,36,101,,,
,,,,,,,,,
30,Multiple Calipers,Distances0001,Pixel,,88,130,,,
,,,,,,,,,
31,Multiple Calipers,Distances0001,Pixel,,36,99,,,
,,,,,,,,,
32,Multiple Distance,Distances0001,Pixel,,21,83,115,,
,,,,,,,,,
,,,,,,,,,
33,Multiple Calipers,Distances0001,Pixel,,17,76,,,
,,,,,,,,,
34,Line,Length,Pixel,150,,,,,
35,Line,Length,Pixel,89.02,,,,,
36,Line,Length,Pixel,38.05,,,,,
37,Multiple Calipers,Distances0001,Pixel,,16.22,59.01,,,
,,,,,,,,,
38,Multiple Calipers,Distances0001,Pixel,,43.02,80.05,,,
,,,,,,,,,
39,Multiple Calipers,Distances0001,Pixel,,14.96,62.77,,,
,,,,,,,,,
40,Line,Length,Pixel,43,,,,,
41,Multiple Calipers,Distances0001,Pixel,,17,46,,,
,,,,,,,,,
42,Line,Length,Pixel,63,,,,,
43,Line,Length,Pixel,173.14,,,,,
44,Line,Length,Pixel,110.04,,,,,
45,Line,Length,Pixel,68.01,,,,,
46,Line,Length,Pixel,37.05,,,,,
1,Multiple Calipers,Distances0001,Pixel,,59.47,163.16,,,
,,,,,,,,,
2,Multiple Calipers,Distances0001,Pixel,,61,154,,,
,,,,,,,,,
3,Multiple Calipers,Distances0001,Pixel,,90,200,,,
,,,,,,,,,
4,Multiple Calipers,Distances0001,Pixel,,127.02,152.74,,,
,,,,,,,,,
5,Multiple Calipers,Distances0001,Pixel,,43,107,,,
,,,,,,,,,
6,Multiple Calipers,Distances0001,Pixel,,68,100,,,
,,,,,,,,,
7,Multiple Calipers,Distances0001,Pixel,,33,97,,,
,,,,,,,,,
8,Multiple Calipers,Distances0001,Pixel,,16,45,,,
,,,,,,,,,
9,Multiple Calipers,Distances0001,Pixel,,34,110,,,
,,,,,,,,,
10,Line,Length,Pixel,74.01,,,,,
11,Line,Length,Pixel,44.1,,,,,
12,Line,Length,Pixel,65.07,,,,,
13,Line,Length,Pixel,128,,,,,
14,Line,Length,Pixel,83.01,,,,,
15,Line,Length,Pixel,40.05,,,,,
16,Multiple Calipers,Distances0001,Pixel,,28,90,,,
,,,,,,,,,
17,Line,Length,Pixel,139.18,,,,,
18,Multiple Calipers,Distances0001,Pixel,,29,85,128,,
,,,,,,,,,
,,,,,,,,,
19,Multiple Calipers,Distances0001,Pixel,,27,91,,,
,,,,,,,,,
20,Line,Length,Pixel,126.02,,,,,
21,Line,Length,Pixel,33,,,,,
22,Line,Length,Pixel,53,,,,,
23,Line,Length,Pixel,47.17,,,,,
24,Line,Length,Pixel,67.27,,,,,
25,Line,Length,Pixel,100,,,,,
26,Line,Length,Pixel,56.29,,,,,
27,Line,Length,Pixel,82.01,,,,,
28,Line,Length,Pixel,56,,,,,
29,Line,Length,Pixel,28.16,,,,,
30,Line,Length,Pixel,52,,,,,
31,Line,Length,Pixel,31.58,,,,,
32,Multiple Calipers,Distances0001,Pixel,,19.75,39.37,,,
,,,,,,,,,
33,Line,Length,Pixel,38,,,,,
34,Line,Length,Pixel,43,,,,,
35,Length,Distance,Pixel,67.12,,,,,
36,Multiple Calipers,Distances0001,Pixel,,56.64,94.97,,,
,,,,,,,,,
37,Line,Length,Pixel,38,,,,,
38,Line,Length,Pixel,38.12,,,,,
39,Line,Length,Pixel,35,,,,,
40,Length,Distance,Pixel,59.03,,,,,
41,Length,Distance,Pixel,59.08,,,,,
42,Length,Distance,Pixel,73.03,,,,,
43,Length,Distance,Pixel,36,,,,,
44,Multiple Distance,Distances0001,Pixel,,42,140,,,
,,,,,,,,,
1,Multiple Calipers,Distances0001,Pixel,,52,91,,,
,,,,,,,,,
2,Line,Length,Pixel,50,,,,,
3,Length,Distance,Pixel,34,,,,,
4,Line,Length,Pixel,41,,,,,
5,Length,Distance,Pixel,87.14,,,,,
6,Line,Length,Pixel,161.05,,,,,
7,Multiple Calipers,Distances0001,Pixel,,47.84,153.06,,,
,,,,,,,,,
8,Multiple Calipers,Distances0001,Pixel,,48,125,,,
,,,,,,,,,
9,Multiple Calipers,Distances0001,Pixel,,35,111,,,
,,,,,,,,,
10,Multiple Calipers,Distances0001,Pixel,,18,79,,,
,,,,,,,,,
11,Multiple Calipers,Distances0001,Pixel,,45,117,,,
,,,,,,,,,
12,Multiple Calipers,Distances0001,Pixel,,34,104,166,,
,,,,,,,,,
,,,,,,,,,
13,Line,Length,Pixel,52,,,,,
14,Line,Length,Pixel,41.01,,,,,
15,Line,Length,Pixel,40,,,,,
16,Line,Length,Pixel,68.26,,,,,
17,Line,Length,Pixel,120.04,,,,,
18,Line,Length,Pixel,118.07,,,,,
19,Line,Length,Pixel,117.21,,,,,
20,Line,Length,Pixel,87,,,,,
21,Line,Length,Pixel,52.01,,,,,
22,Line,Length,Pixel,67,,,,,
23,Line,Length,Pixel,47.01,,,,,
24,Line,Length,Pixel,34,,,,,
25,Line,Length,Pixel,35.06,,,,,
26,Multiple Distance,Distances0001,Pixel,,71,105,172,,
,,,,,,,,,
,,,,,,,,,
27,Multiple Calipers,Distances0001,Pixel,,33.36,102.85,,,
,,,,,,,,,
28,Multiple Calipers,Distances0001,Pixel,,31,81,,,
,,,,,,,,,
29,Length,Distance,Pixel,126,,,,,
30,Length,Distance,Pixel,76,,,,,
31,Length,Distance,Pixel,39,,,,,
32,Length,Distance,Pixel,53.24,,,,,
33,Length,Distance,Pixel,84.02,,,,,
34,Line,Length,Pixel,83.01,,,,,
35,Line,Length,Pixel,26,,,,,
36,Line,Length,Pixel,44,,,,,
37,Line,Length,Pixel,40,,,,,
38,Line,Length,Pixel,59,,,,,
39,Line,Length,Pixel,67,,,,,
40,Line,Length,Pixel,148.17,,,,,
41,Line,Length,Pixel,65.03,,,,,
42,Length,Distance,Pixel,62.13,,,,,
43,Length,Distance,Pixel,24.02,,,,,
44,Length,Distance,Pixel,60.53,,,,,
45,Line,Length,Pixel,73.33,,,,,
46,Line,Length,Pixel,54,,,,,
47,Line,Length,Pixel,50.99,,,,,
48,Multiple Calipers,Distances0001,Pixel,,19,54,,,
,,,,,,,,,
49,Length,Distance,Pixel,53,,,,,
50,Length,Distance,Pixel,49,,,,,
51,Length,Distance,Pixel,38,,,,,
1,Line,Length,Pixel,53.01,,,,,
2,Line,Length,Pixel,44.28,,,,,
3,Line,Length,Pixel,32.14,,,,,
4,Line,Length,Pixel,52,,,,,
5,Line,Length,Pixel,81.15,,,,,
6,Line,Length,Pixel,46,,,,,
7,Line,Length,Pixel,103,,,,,
8,Line,Length,Pixel,38,,,,,
9,Line,Length,Pixel,67,,,,,
10,Line,Length,Pixel,50,,,,,
11,Line,Length,Pixel,35,,,,,
12,Length,Distance,Pixel,90,,,,,
13,Length,Distance,Pixel,50,,,,,
14,Length,Distance,Pixel,55,,,,,
15,Length,Distance,Pixel,96.05,,,,,
16,Multiple Calipers,Distances0001,Pixel,,70.91,131.58,,,
,,,,,,,,,
17,Multiple Calipers,Distances0001,Pixel,,59,88,,,
,,,,,,,,,
18,Multiple Calipers,Distances0001,Pixel,,29,119,,,
,,,,,,,,,
19,Multiple Calipers,Distances0001,Pixel,,64,79,,,
,,,,,,,,,
20,Multiple Calipers,Distances0001,Pixel,,72,140,,,
,,,,,,,,,
21,Multiple Calipers,Distances0001,Pixel,,13.2,52.11,,,
,,,,,,,,,
22,Multiple Calipers,Distances0001,Pixel,,18,61,,,
,,,,,,,,,
23,Multiple Calipers,Distances0001,Pixel,,38,76,,,
,,,,,,,,,
24,Multiple Calipers,Distances0001,Pixel,,20,55,131,,
,,,,,,,,,
,,,,,,,,,
25,Multiple Calipers,Distances0001,Pixel,,43.4,141.13,,,
,,,,,,,,,
26,Multiple Calipers,Distances0001,Pixel,,39,99,,,
,,,,,,,,,
27,Multiple Calipers,Distances0001,Pixel,,29,76,,,
,,,,,,,,,
28,Multiple Calipers,Distances0001,Pixel,,29,73,,,
,,,,,,,,,
29,Multiple Calipers,Distances0001,Pixel,,30,126,,,
,,,,,,,,,
30,Multiple Calipers,Distances0001,Pixel,,43.11,115.72,,,
,,,,,,,,,
31,Multiple Distance,Distances0001,Pixel,,29,64,105,,
,,,,,,,,,
,,,,,,,,,
32,Multiple Calipers,Distances0001,Pixel,,40,119,,,
,,,,,,,,,
33,Multiple Calipers,Distances0001,Pixel,,109,172,,,
,,,,,,,,,
34,Multiple Distance,Distances0001,Pixel,,61,122,176,,
,,,,,,,,,
,,,,,,,,,
35,Multiple Calipers,Distances0001,Pixel,,32,94,131,,
,,,,,,,,,
,,,,,,,,,
36,Multiple Calipers,Distances0001,Pixel,,35,90,,,
,,,,,,,,,
37,Multiple Calipers,Distances0001,Pixel,,36,116,,,
,,,,,,,,,
38,Line,Length,Pixel,75.06,,,,,
39,Length,Distance,Pixel,65,,,,,
40,Multiple Calipers,Distances0001,Pixel,,30.08,97.93,114.78,,
,,,,,,,,,
,,,,,,,,,
41,Multiple Calipers,Distances0001,Pixel,,14,52,,,
,,,,,,,,,
42,Multiple Distance,Distances0001,Pixel,,59,105,140,,
,,,,,,,,,
,,,,,,,,,
43,Multiple Calipers,Distances0001,Pixel,,36,74,,,
,,,,,,,,,
44,Length,Distance,Pixel,28.07,,,,,
45,Length,Distance,Pixel,39.01,,,,,
1,Line,Length,Pixel,113.11,,,,,
2,Line,Length,Pixel,45.4,,,,,
3,Line,Length,Pixel,64,,,,,
4,Line,Length,Pixel,64,,,,,
5,Line,Length,Pixel,82,,,,,
6,Line,Length,Pixel,38,,,,,
7,Line,Length,Pixel,29.61,,,,,
8,Line,Length,Pixel,58,,,,,
9,Line,Length,Pixel,43,,,,,
10,Multiple Calipers,Distances0001,Pixel,,25,171,206,,
,,,,,,,,,
,,,,,,,,,
11,Length,Distance,Pixel,39,,,,,
12,Multiple Calipers,Distances0001,Pixel,,55,216,,,
,,,,,,,,,
13,Multiple Calipers,Distances0001,Pixel,,28,168,222,,
,,,,,,,,,
,,,,,,,,,
14,Multiple Calipers,Distances0001,Pixel,,43.43,146.43,195.62,,
,,,,,,,,,
,,,,,,,,,
15,Multiple Calipers,Distances0001,Pixel,,90.36,166.65,,,
,,,,,,,,,
16,Multiple Calipers,Distances0001,Pixel,,61,132,,,
,,,,,,,,,
17,Multiple Calipers,Distances0001,Pixel,,43,110,,,
,,,,,,,,,
18,Multiple Calipers,Distances0001,Pixel,,21.3,81.37,123.22,,
,,,,,,,,,
,,,,,,,,,
19,Multiple Distance,Distances0001,Pixel,,38,53,91,114,
,,,,,,,,,
,,,,,,,,,
,,,,,,,,,
20,Multiple Calipers,Distances0001,Pixel,,20,114,154,,
,,,,,,,,,
,,,,,,,,,
21,Multiple Calipers,Distances0001,Pixel,,28,152,,,
,,,,,,,,,
22,Line,Length,Pixel,45.01,,,,,
23,Line,Length,Pixel,50.01,,,,,
24,Line,Length,Pixel,93.05,,,,,
25,Multiple Calipers,Distances0001,Pixel,,35,60,,,
,,,,,,,,,
26,Multiple Calipers,Distances0001,Pixel,,65,91,,,
,,,,,,,,,
27,Multiple Calipers,Distances0001,Pixel,,33,108,,,
,,,,,,,,,
28,Multiple Calipers,Distances0001,Pixel,,23,86,137,,
,,,,,,,,,
,,,,,,,,,
29,Multiple Calipers,Distances0001,Pixel,,37.58,108.23,,,
,,,,,,,,,
30,Multiple Calipers,Distances0001,Pixel,,46,90,,,
,,,,,,,,,
1,Multiple Calipers,Distances0001,Pixel,,58.61,114.22,,,
,,,,,,,,,
2,Multiple Calipers,Distances0001,Pixel,,37.41,81.58,,,
,,,,,,,,,
3,Multiple Calipers,Distances0001,Pixel,,45,123,,,
,,,,,,,,,
4,Multiple Calipers,Distances0001,Pixel,,35.72,181.63,,,
,,,,,,,,,
5,Multiple Calipers,Distances0001,Pixel,,46,104,146,,
,,,,,,,,,
,,,,,,,,,
6,Multiple Calipers,Distances0001,Pixel,,36.64,77.62,,,
,,,,,,,,,
7,Multiple Calipers,Distances0001,Pixel,,26,71,,,
,,,,,,,,,
8,Line,Length,Pixel,99,,,,,
9,Line,Length,Pixel,49.16,,,,,
10,Length,Distance,Pixel,54.08,,,,,
11,Multiple Calipers,Distances0001,Pixel,,12,39,,,
,,,,,,,,,
12,Length,Distance,Pixel,47.38,,,,,
13,Length,Distance,Pixel,59,,,,,
14,Line,Length,Pixel,30.36,,,,,
1,Line,Length,Pixel,92.01,,,,,
2,Line,Length,Pixel,124.1,,,,,
3,Multiple Calipers,Distances0001,Pixel,,79,123,184,,
,,,,,,,,,
,,,,,,,,,
4,Multiple Calipers,Distances0001,Pixel,,27,57,83,136,168
,,,,,,,,,
,,,,,,,,,
,,,,,,,,,
,,,,,,,,,
5,Length,Distance,Pixel,61.01,,,,,
6,Multiple Calipers,Distances0001,Pixel,,31,51,,,
,,,,,,,,,
7,Multiple Calipers,Distances0001,Pixel,,26,48,,,
,,,,,,,,,
8,Multiple Calipers,Distances0001,Pixel,,23,53,,,
,,,,,,,,,
9,Multiple Calipers,Distances0001,Pixel,,29,101,,,
,,,,,,,,,
10,Multiple Calipers,Distances0001,Pixel,,19,56,,,
,,,,,,,,,
11,Multiple Calipers,Distances0001,Pixel,,39.65,104.08,,,
,,,,,,,,,
12,Multiple Calipers,Distances0001,Pixel,,52,138,,,
,,,,,,,,,
13,Multiple Calipers,Distances0001,Pixel,,57.06,103.39,,,
,,,,,,,,,
14,Multiple Calipers,Distances0001,Pixel,,47.52,120.49,,,
,,,,,,,,,
15,Length,Distance,Pixel,50.16,,,,,
16,Multiple Calipers,Distances0001,Pixel,,24.52,54.55,80.17,,
,,,,,,,,,
,,,,,,,,,
17,Length,Distance,Pixel,44,,,,,
18,Length,Distance,Pixel,29.07,,,,,
19,Multiple Calipers,Distances0001,Pixel,,23,72,,,
,,,,,,,,,
20,Line,Length,Pixel,93.54,,,,,
21,Multiple Calipers,Distances0001,Pixel,,38.46,103,139.96,168.51,
,,,,,,,,,
,,,,,,,,,
,,,,,,,,,
1,Multiple Calipers,Distances0001,Pixel,,66,273,295,,
,,,,,,,,,
,,,,,,,,,
2,Multiple Calipers,Distances0001,Pixel,,64,149,,,
,,,,,,,,,
3,Multiple Calipers,Distances0001,Pixel,,53,91,122,172,
,,,,,,,,,
,,,,,,,,,
,,,,,,,,,
4,Length,Distance,Pixel,76.42,,,,,
5,Multiple Calipers,Distances0001,Pixel,,71,93,123,,
,,,,,,,,,
,,,,,,,,,
6,Multiple Calipers,Distances0001,Pixel,,64,134,,,
,,,,,,,,,
7,Multiple Calipers,Distances0001,Pixel,,52.34,98.94,,,
,,,,,,,,,
8,Length,Distance,Pixel,53,,,,,
9,Multiple Calipers,Distances0001,Pixel,,75,218,277,,
,,,,,,,,,
,,,,,,,,,
10,Multiple Calipers,Distances0001,Pixel,,66,117,,,
,,,,,,,,,
11,Multiple Calipers,Distances0001,Pixel,,25.48,95.19,163.08,,
,,,,,,,,,
,,,,,,,,,
12,Multiple Calipers,Distances0001,Pixel,,42.95,80.99,,,
,,,,,,,,,
13,Length,Distance,Pixel,52.04,,,,,
14,Multiple Calipers,Distances0001,Pixel,,65.37,124.41,,,
,,,,,,,,,
15,Line,Length,Pixel,106.38,,,,,
16,Line,Length,Pixel,42,,,,,
17,Line,Length,Pixel,109,,,,,
18,Multiple Calipers,Distances0001,Pixel,,53,107,,,
,,,,,,,,,
19,Line,Length,Pixel,59.14,,,,,
20,Line,Length,Pixel,36.06,,,,,
21,Line,Length,Pixel,46.04,,,,,
22,Multiple Calipers,Distances0001,Pixel,,15.83,90.07,,,
,,,,,,,,,
23,Multiple Calipers,Distances0001,Pixel,,46,93,,,
,,,,,,,,,
24,Multiple Calipers,Distances0001,Pixel,,88,182,,,
,,,,,,,,,
25,Line,Length,Pixel,107.04,,,,,
26,Line,Length,Pixel,56.57,,,,,
27,Line,Length,Pixel,47.38,,,,,
28,Length,Distance,Pixel,120,,,,,
29,Multiple Calipers,Distances0001,Pixel,,38,178,,,
,,,,,,,,,
30,Multiple Calipers,Distances0001,Pixel,,38,117,,,
,,,,,,,,,
31,Multiple Calipers,Distances0001,Pixel,,53,106,,,
,,,,,,,,,
32,Multiple Calipers,Distances0001,Pixel,,44,96,,,
,,,,,,,,,
33,Multiple Calipers,Distances0001,Pixel,,26,116,,,
,,,,,,,,,
34,Multiple Distance,Distances0001,Pixel,,26,42,141,,
,,,,,,,,,
,,,,,,,,,
35,Multiple Calipers,Distances0001,Pixel,,41,108,,,
,,,,,,,,,
36,Length,Distance,Pixel,49,,,,,
37,Multiple Calipers,Distances0001,Pixel,,55,108,,,
,,,,,,,,,
38,Multiple Calipers,Distances0001,Pixel,,34,126,,,
,,,,,,,,,
39,Multiple Calipers,Distances0001,Pixel,,25.98,96.17,,,
,,,,,,,,,
40,Line,Length,Pixel,154.32,,,,,
41,Multiple Distance,Distances0001,Pixel,,21,73,106,,
,,,,,,,,,
,,,,,,,,,
42,Multiple Distance,Distances0001,Pixel,,16,67,115,,
,,,,,,,,,
,,,,,,,,,
43,Multiple Calipers,Distances0001,Pixel,,35,80.5,,,
,,,,,,,,,
44,Line,Length,Pixel,127,,,,,
45,Line,Length,Pixel,89.05,,,,,
46,Line,Length,Pixel,123.04,,,,,
47,Multiple Calipers,Distances0001,Pixel,,48,63,102,,
,,,,,,,,,
,,,,,,,,,
48,Multiple Calipers,Distances0001,Pixel,,49.56,105.76,,,
,,,,,,,,,
49,Multiple Calipers,Distances0001,Pixel,,41,151,,,
,,,,,,,,,
1,Multiple Calipers,Distances0001,Pixel,,59,121,,,
,,,,,,,,,
2,Multiple Distance,Distances0001,Pixel,,52,140,171,,
,,,,,,,,,
,,,,,,,,,
3,Multiple Distance,Distances0001,Pixel,,38,127,180,,
,,,,,,,,,
,,,,,,,,,
4,Multiple Calipers,Distances0001,Pixel,,49,121,,,
,,,,,,,,,
5,Length,Distance,Pixel,69.03,,,,,
6,Multiple Calipers,Distances0001,Pixel,,69,111,154,,
,,,,,,,,,
,,,,,,,,,
7,Length,Distance,Pixel,53.08,,,,,
8,Line,Length,Pixel,81.02,,,,,
9,Line,Length,Pixel,52.35,,,,,
10,Line,Length,Pixel,102.18,,,,,
11,Line,Length,Pixel,69.03,,,,,
12,Multiple Distance,Distances0001,Pixel,,45,91,146,,
,,,,,,,,,
,,,,,,,,,
13,Line,Length,Pixel,71.45,,,,,
14,Multiple Calipers,Distances0001,Pixel,,40,87,,,
,,,,,,,,,
15,Multiple Calipers,Distances0001,Pixel,,28,60,,,
,,,,,,,,,
16,Multiple Calipers,Distances0001,Pixel,,34.16,93.24,,,
,,,,,,,,,
17,Length,Distance,Pixel,43.1,,,,,
18,Multiple Calipers,Distances0001,Pixel,,67.2,159.61,,,
,,,,,,,,,
19,Multiple Distance,Distances0001,Pixel,,57,161,187,,
,,,,,,,,,
,,,,,,,,,
20,Line,Length,Pixel,66.01,,,,,
21,Multiple Calipers,Distances0001,Pixel,,49,73,,,
,,,,,,,,,
22,Multiple Calipers,Distances0001,Pixel,,57,117,,,
,,,,,,,,,
23,Multiple Calipers,Distances0001,Pixel,,61.81,91.45,,,
,,,,,,,,,
24,Multiple Calipers,Distances0001,Pixel,,46,148,,,
,,,,,,,,,
25,Multiple Distance,Distances0001,Pixel,,18,83,129,,
,,,,,,,,,
,,,,,,,,,
26,Multiple Calipers,Distances0001,Pixel,,17,67,,,
,,,,,,,,,
27,Length,Distance,Pixel,61,,,,,
28,Length,Distance,Pixel,85.38,,,,,
29,Multiple Calipers,Distances0001,Pixel,,57,136,,,
,,,,,,,,,
30,Multiple Calipers,Distances0001,Pixel,,36,83,,,
,,,,,,,,,
31,Multiple Distance,Distances0001,Pixel,,55,166,196,,
,,,,,,,,,
,,,,,,,,,
32,Length,Distance,Pixel,53.08,,,,,
33,Length,Distance,Pixel,50.04,,,,,
34,Multiple Calipers,Distances0001,Pixel,,56,145,196,,
,,,,,,,,,
,,,,,,,,,
1,Length,Distance,Pixel,145.12,,,,,
2,Multiple Calipers,Distances0001,Pixel,,50,96,,,
,,,,,,,,,
3,Line,Length,Pixel,67.07,,,,,
4,Length,Distance,Pixel,61.98,,,,,
5,Multiple Distance,Distances0001,Pixel,,30,154,217,,
,,,,,,,,,
,,,,,,,,,
6,Line,Length,Pixel,111,,,,,
7,Length,Distance,Pixel,53.04,,,,,
8,Length,Distance,Pixel,103.04,,,,,
9,Length,Distance,Pixel,72,,,,,
10,Multiple Calipers,Distances0001,Pixel,,48,112,,,
,,,,,,,,,
11,Multiple Calipers,Distances0001,Pixel,,143,228,,,
,,,,,,,,,
12,Line,Length,Pixel,189.04,,,,,
13,Line,Length,Pixel,83,,,,,
14,Line,Length,Pixel,71,,,,,
15,Multiple Calipers,Distances0001,Pixel,,18,79,123,,
,,,,,,,,,
,,,,,,,,,
16,Line,Length,Pixel,76,,,,,
17,Line,Length,Pixel,73.17,,,,,
18,Line,Length,Pixel,103.04,,,,,
19,Line,Length,Pixel,96.05,,,,,
20,Line,Length,Pixel,159.03,,,,,
21,Multiple Distance,Distances0001,Pixel,,125,181,254,,
,,,,,,,,,
,,,,,,,,,
22,Multiple Calipers,Distances0001,Pixel,,67.41,174.7,,,
,,,,,,,,,
23,Multiple Calipers,Distances0001,Pixel,,47,93,,,
,,,,,,,,,
24,Multiple Calipers,Distances0001,Pixel,,42,90,,,
,,,,,,,,,
25,Line,Length,Pixel,70.06,,,,,
26,Length,Distance,Pixel,52.04,,,,,
27,Line,Length,Pixel,64.03,,,,,
28,Multiple Calipers,Distances0001,Pixel,,64,112,,,
,,,,,,,,,
29,Multiple Calipers,Distances0001,Pixel,,76,164,235,,
,,,,,,,,,
,,,,,,,,,
30,Multiple Calipers,Distances0001,Pixel,,45.27,166.4,,,
,,,,,,,,,
31,Multiple Calipers,Distances0001,Pixel,,41,95,,,
,,,,,,,,,
32,Line,Length,Pixel,69.07,,,,,
1,Multiple Calipers,Distances0001,Pixel,,20.26,113.1,159.08,,
,,,,,,,,,
,,,,,,,,,
2,Multiple Calipers,Distances0001,Pixel,,56.53,91.95,,,
,,,,,,,,,
3,Multiple Calipers,Distances0001,Pixel,,119,172,,,
,,,,,,,,,
4,Multiple Calipers,Distances0001,Pixel,,66,131,,,
,,,,,,,,,
5,Multiple Calipers,Distances0001,Pixel,,106,153,,,
,,,,,,,,,
6,Line,Length,Pixel,45.01,,,,,
7,Line,Length,Pixel,62.07,,,,,
8,Line,Length,Pixel,72.06,,,,,
9,Line,Length,Pixel,111,,,,,
10,Line,Length,Pixel,53.04,,,,,
11,Multiple Calipers,Distances0001,Pixel,,32,74,,,
,,,,,,,,,
12,Line,Length,Pixel,112.29,,,,,
13,Line,Length,Pixel,59,,,,,
14,Line,Length,Pixel,65.03,,,,,
15,Multiple Calipers,Distances0001,Pixel,,24,154,210,,
,,,,,,,,,
,,,,,,,,,
16,Multiple Calipers,Distances0001,Pixel,,51,111,,,
,,,,,,,,,
17,Multiple Calipers,Distances0001,Pixel,,43,91,,,
,,,,,,,,,
18,Multiple Calipers,Distances0001,Pixel,,19,203,248,,
,,,,,,,,,
,,,,,,,,,
19,Line,Length,Pixel,85,,,,,
20,Multiple Distance,Distances0001,Pixel,,83.83,115.89,189.99,,
,,,,,,,,,
,,,,,,,,,
21,Multiple Calipers,Distances0001,Pixel,,61,117,,,
,,,,,,,,,
22,Multiple Calipers,Distances0001,Pixel,,29,84,,,
,,,,,,,,,
1,Multiple Calipers,Distances0001,Pixel,,73,120,,,
,,,,,,,,,
2,Multiple Calipers,Distances0001,Pixel,,22,76,91,,
,,,,,,,,,
,,,,,,,,,
3,Line,Length,Pixel,40,,,,,
4,Length,Distance,Pixel,64.03,,,,,
5,Length,Distance,Pixel,29.07,,,,,
6,Multiple Distance,Distances0001,Pixel,,9,90,166,214,240
,,,,,,,,,
,,,,,,,,,
,,,,,,,,,
,,,,,,,,,
7,Line,Length,Pixel,125.02,,,,,
8,Line,Length,Pixel,53,,,,,
9,Line,Length,Pixel,95,,,,,
1,Length,Distance,Pixel,29,,,,,
2,Line,Length,Pixel,72.03,,,,,
3,Line,Length,Pixel,62.03,,,,,
4,Line,Length,Pixel,44,,,,,
5,Line,Length,Pixel,62,,,,,
6,Line,Length,Pixel,28,,,,,
7,Line,Length,Pixel,102.08,,,,,
8,Line,Length,Pixel,82.05,,,,,
9,Line,Length,Pixel,66.01,,,,,
10,Line,Length,Pixel,71.06,,,,,
11,Line,Length,Pixel,36,,,,,
12,Line,Length,Pixel,146.03,,,,,
13,Line,Length,Pixel,156.12,,,,,
14,Line,Length,Pixel,67,,,,,
15,Line,Length,Pixel,45.04,,,,,
16,Line,Length,Pixel,52.24,,,,,
17,Length,Distance,Pixel,53,,,,,
18,Length,Distance,Pixel,53,,,,,
19,Length,Distance,Pixel,162.79,,,,,
20,Length,Distance,Pixel,135,,,,,
21,Multiple Calipers,Distances0001,Pixel,,70,111,,,
,,,,,,,,,
22,Multiple Calipers,Distances0001,Pixel,,122,149,,,
,,,,,,,,,
23,Multiple Calipers,Distances0001,Pixel,,121,184,,,
,,,,,,,,,
24,Multiple Calipers,Distances0001,Pixel,,41.8,122.58,174.08,,
,,,,,,,,,
,,,,,,,,,
1,Line,Length,Pixel,41.44,,,,,
2,Line,Length,Pixel,58,,,,,
3,Multiple Calipers,Distances0001,Pixel,,63,158,,,
,,,,,,,,,
4,Multiple Calipers,Distances0001,Pixel,,26,100,,,
,,,,,,,,,
5,Multiple Calipers,Distances0001,Pixel,,41,147,,,
,,,,,,,,,
6,Multiple Calipers,Distances0001,Pixel,,43,113,,,
,,,,,,,,,
7,Multiple Calipers,Distances0001,Pixel,,117.27,217.43,271.81,,
,,,,,,,,,
,,,,,,,,,
8,Length,Distance,Pixel,74.06,,,,,
9,Multiple Distance,Distances0001,Pixel,,31,88,149,,
,,,,,,,,,
,,,,,,,,,
10,Length,Distance,Pixel,56,,,,,
11,Length,Distance,Pixel,71.03,,,,,
12,Line,Length,Pixel,91.05,,,,,
13,Line,Length,Pixel,60,,,,,
1,Multiple Calipers,Distances0001,Pixel,,32,73,,,
,,,,,,,,,
2,Length,Distance,Pixel,44,,,,,
3,Multiple Calipers,Distances0001,Pixel,,17,85,136,,
,,,,,,,,,
,,,,,,,,,
4,Multiple Calipers,Distances0001,Pixel,,58,131,,,
,,,,,,,,,
5,Multiple Calipers,Distances0001,Pixel,,38,107,,,
,,,,,,,,,
6,Multiple Calipers,Distances0001,Pixel,,20,58,,,
,,,,,,,,,
7,Line,Length,Pixel,206.04,,,,,
8,Multiple Calipers,Distances0001,Pixel,,46,99,,,
,,,,,,,,,
9,Length,Distance,Pixel,44.01,,,,,
10,Length,Distance,Pixel,33,,,,,
11,Line,Length,Pixel,33,,,,,
12,Line,Length,Pixel,38,,,,,
13,Line,Length,Pixel,35,,,,,
1,Multiple Calipers,Distances0001,Pixel,,34,142,,,
,,,,,,,,,
2,Multiple Calipers,Distances0001,Pixel,,17,59,105,,
,,,,,,,,,
,,,,,,,,,
3,Multiple Calipers,Distances0001,Pixel,,79,213,,,
,,,,,,,,,
4,Multiple Distance,Distances0001,Pixel,,67,119,172,,
,,,,,,,,,
,,,,,,,,,
5,Length,Distance,Pixel,46,,,,,
6,Line,Length,Pixel,94,,,,,
7,Line,Length,Pixel,66,,,,,
8,Line,Length,Pixel,76.03,,,,,
9,Length,Distance,Pixel,48,,,,,
1,Line,Length,Pixel,40.01,,,,,
2,Multiple Calipers,Distances0001,Pixel,,42,100,,,
,,,,,,,,,
3,Multiple Distance,Distances0001,Pixel,,61,81,,,
,,,,,,,,,
4,Multiple Calipers,Distances0001,Pixel,,32,64,,,
,,,,,,,,,
5,Line,Length,Pixel,68.12,,,,,
6,Line,Length,Pixel,69,,,,,
7,Line,Length,Pixel,36.12,,,,,
8,Multiple Distance,Distances0001,Pixel,,54,70,134,,
,,,,,,,,,
,,,,,,,,,
9,Line,Length,Pixel,37,,,,,
10,Line,Length,Pixel,23,,,,,
11,Multiple Distance,Distances0001,Pixel,,25.86,78.2,93.12,114,
,,,,,,,,,
,,,,,,,,,
,,,,,,,,,
1,Multiple Distance,Distances0001,Pixel,,18,45,80,,
,,,,,,,,,
,,,,,,,,,
2,Length,Distance,Pixel,59,,,,,
3,Line,Length,Pixel,43.01,,,,,
4,Length,Distance,Pixel,52.09,,,,,
5,Length,Distance,Pixel,38.21,,,,,
6,Line,Length,Pixel,75.17,,,,,
7,Multiple Calipers,Distances0001,Pixel,,45,74,,,
,,,,,,,,,
8,Multiple Calipers,Distances0001,Pixel,,75,133,,,
,,,,,,,,,
9,Line,Length,Pixel,61.2,,,,,
10,Line,Length,Pixel,93.02,,,,,
11,Length,Distance,Pixel,70.46,,,,,
12,Multiple Distance,Distances0001,Pixel,,22,125,172,,
,,,,,,,,,
,,,,,,,,,
13,Length,Distance,Pixel,75.11,,,,,
14,Multiple Calipers,Distances0001,Pixel,,41,79,,,
,,,,,,,,,
1,Multiple Calipers,Distances0001,Pixel,,37,61,,,
,,,,,,,,,
2,Multiple Calipers,Distances0001,Pixel,,53,105,,,
,,,,,,,,,
3,Multiple Calipers,Distances0001,Pixel,,30.93,74.61,,,
,,,,,,,,,
4,Line,Length,Pixel,54.08,,,,,
5,Line,Length,Pixel,59,,,,,
6,Line,Length,Pixel,46.04,,,,,
7,Line,Length,Pixel,49,,,,,
8,Length,Distance,Pixel,35.01,,,,,
9,Length,Distance,Pixel,62.01,,,,,
10,Length,Distance,Pixel,69.03,,,,,
11,Length,Distance,Pixel,55.04,,,,,
12,Multiple Calipers,Distances0001,Pixel,,32,87,,,
,,,,,,,,,
13,Multiple Calipers,Distances0001,Pixel,,15,56,,,
,,,,,,,,,
14,Length,Distance,Pixel,32,,,,,
15,Length,Distance,Pixel,45.28,,,,,
16,Length,Distance,Pixel,53.08,,,,,
1,Multiple Calipers,Distances0001,Pixel,,55,105,,,
,,,,,,,,,
2,Length,Distance,Pixel,33,,,,,
3,Multiple Distance,Distances0001,Pixel,,23,50,103,,
,,,,,,,,,
,,,,,,,,,
4,Length,Distance,Pixel,105.04,,,,,
5,Length,Distance,Pixel,52.77,,,,,
6,Line,Length,Pixel,161.03,,,,,
7,Line,Length,Pixel,32,,,,,
8,Line,Length,Pixel,40,,,,,
9,Line,Length,Pixel,42,,,,,
10,Line,Length,Pixel,46.1,,,,,
11,Line,Length,Pixel,58.69,,,,,
1,Line,Length,Pixel,83.38,,,,,
2,Multiple Calipers,Distances0001,Pixel,,47,105,,,
,,,,,,,,,
3,Multiple Calipers,Distances0001,Pixel,,61,84,,,
,,,,,,,,,
4,Multiple Calipers,Distances0001,Pixel,,51,95,,,
,,,,,,,,,
5,Multiple Calipers,Distances0001,Pixel,,81.54,134.24,,,
,,,,,,,,,
6,Multiple Distance,Distances0001,Pixel,,98,130,181,,
,,,,,,,,,
,,,,,,,,,
7,Length,Distance,Pixel,48.01,,,,,
8,Length,Distance,Pixel,52,,,,,
9,Length,Distance,Pixel,46.04,,,,,
10,Multiple Calipers,Distances0001,Pixel,,27,73,,,
,,,,,,,,,
11,Length,Distance,Pixel,38.47,,,,,
12,Multiple Calipers,Distances0001,Pixel,,37,135,,,
,,,,,,,,,
13,Multiple Calipers,Distances0001,Pixel,,34.46,69.09,,,
,,,,,,,,,
14,Multiple Calipers,Distances0001,Pixel,,15,67,,,
,,,,,,,,,
15,Line,Length,Pixel,79,,,,,
16,Line,Length,Pixel,61.03,,,,,
17,Line,Length,Pixel,60,,,,,
18,Line,Length,Pixel,51,,,,,
1,Multiple Calipers,Distances0001,Pixel,,30,64,,,
,,,,,,,,,
2,Multiple Calipers,Distances0001,Pixel,,27,109,,,
,,,,,,,,,
3,Multiple Calipers,Distances0001,Pixel,,15,67,146,,
,,,,,,,,,
,,,,,,,,,
4,Line,Length,Pixel,50,,,,,
5,Line,Length,Pixel,73.25,,,,,
6,Line,Length,Pixel,41.19,,,,,
7,Line,Length,Pixel,69.26,,,,,
8,Length,Distance,Pixel,67.19,,,,,
9,Length,Distance,Pixel,124.04,,,,,
10,Multiple Calipers,Distances0001,Pixel,,45,78,,,
,,,,,,,,,
11,Line,Length,Pixel,73.01,,,,,
12,Length,Distance,Pixel,43.05,,,,,
13,Length,Distance,Pixel,49.25,,,,,
14,Length,Distance,Pixel,48.04,,,,,
15,Line,Length,Pixel,58.08,,,,,
16,Line,Length,Pixel,67.07,,,,,
17,Line,Length,Pixel,63.01,,,,,
18,Line,Length,Pixel,52,,,,,
19,Line,Length,Pixel,58,,,,,
20,Multiple Calipers,Distances0001,Pixel,,43,87,,,
,,,,,,,,,
21,Length,Distance,Pixel,32.14,,,,,
1,Line,Length,Pixel,79,,,,,
2,Line,Length,Pixel,82,,,,,
3,Line,Length,Pixel,65.19,,,,,
4,Line,Length,Pixel,70.58,,,,,
5,Line,Length,Pixel,52,,,,,
6,Line,Length,Pixel,92,,,,,
7,Multiple Distance,Distances0001,Pixel,,26,82,164,,
,,,,,,,,,
,,,,,,,,,
8,Multiple Calipers,Distances0001,Pixel,,40.75,111.45,,,
,,,,,,,,,
9,Length,Distance,Pixel,37,,,,,
10,Length,Distance,Pixel,44,,,,,
11,Length,Distance,Pixel,44,,,,,
12,Line,Length,Pixel,84.01,,,,,
13,Line,Length,Pixel,75,,,,,
14,Line,Length,Pixel,47,,,,,
15,Multiple Distance,Distances0001,Pixel,,76,112,150,,
,,,,,,,,,
,,,,,,,,,
16,Multiple Calipers,Distances0001,Pixel,,53,102,,,
,,,,,,,,,
1,Line,Length,Pixel,49,,,,,
2,Multiple Calipers,Distances0001,Pixel,,34,57,,,
,,,,,,,,,
3,Multiple Calipers,Distances0001,Pixel,,43,108,,,
,,,,,,,,,
4,Length,Distance,Pixel,83.02,,,,,
5,Line,Length,Pixel,179,,,,,
6,Multiple Calipers,Distances0001,Pixel,,61,181,,,
,,,,,,,,,
7,Multiple Calipers,Distances0001,Pixel,,63,145,,,
,,,,,,,,,
8,Multiple Calipers,Distances0001,Pixel,,38.61,91.97,,,
,,,,,,,,,
9,Multiple Calipers,Distances0001,Pixel,,88,158,,,
,,,,,,,,,
10,Multiple Calipers,Distances0001,Pixel,,28,149,,,
,,,,,,,,,
11,Multiple Calipers,Distances0001,Pixel,,48.3,105.9,,,
,,,,,,,,,
12,Multiple Calipers,Distances0001,Pixel,,32,105,,,
,,,,,,,,,
13,Line,Length,Pixel,157,,,,,
14,Length,Distance,Pixel,79,,,,,
15,Line,Length,Pixel,69,,,,,
16,Line,Length,Pixel,50,,,,,
17,Line,Length,Pixel,69,,,,,
18,Line,Length,Pixel,55.08,,,,,
19,Line,Length,Pixel,50.01,,,,,
20,Line,Length,Pixel,87,,,,,
21,Line,Length,Pixel,113,,,,,
22,Line,Length,Pixel,108.02,,,,,
23,Length,Distance,Pixel,53.08,,,,,
24,Line,Length,Pixel,56,,,,,
25,Line,Length,Pixel,127.04,,,,,
26,Line,Length,Pixel,81,,,,,
27,Line,Length,Pixel,46,,,,,
28,Length,Distance,Pixel,38,,,,,
29,Length,Distance,Pixel,47.01,,,,,
30,Multiple Calipers,Distances0001,Pixel,,24,82,,,
,,,,,,,,,
31,Multiple Calipers,Distances0001,Pixel,,24,55,91,,
,,,,,,,,,
,,,,,,,,,
32,Line,Length,Pixel,78.1,,,,,
1,Multiple Calipers,Distances0001,Pixel,,54,101,,,
,,,,,,,,,
2,Multiple Calipers,Distances0001,Pixel,,47,83,,,
,,,,,,,,,
3,Multiple Calipers,Distances0001,Pixel,,55,119,,,
,,,,,,,,,
4,Multiple Calipers,Distances0001,Pixel,,38,137,,,
,,,,,,,,,
5,Multiple Calipers,Distances0001,Pixel,,49,93,,,
,,,,,,,,,
6,Multiple Calipers,Distances0001,Pixel,,46,128,,,
,,,,,,,,,
7,Line,Length,Pixel,105,,,,,
8,Line,Length,Pixel,68.26,,,,,
9,Line,Length,Pixel,51,,,,,
10,Length,Distance,Pixel,59,,,,,
11,Length,Distance,Pixel,46.04,,,,,
12,Length,Distance,Pixel,43.08,,,,,
1,Multiple Calipers,Distances0001,Pixel,,65,100,,,
,,,,,,,,,
2,Line,Length,Pixel,76,,,,,
3,Line,Length,Pixel,81.1,,,,,
4,Line,Length,Pixel,49,,,,,
5,Line,Length,Pixel,32,,,,,
6,Line,Length,Pixel,59.03,,,,,
7,Line,Length,Pixel,34,,,,,
8,Line,Length,Pixel,64.03,,,,,
9,Line,Length,Pixel,73.25,,,,,
10,Line,Length,Pixel,41,,,,,
11,Line,Length,Pixel,38.12,,,,,
12,Line,Length,Pixel,96.05,,,,,
13,Line,Length,Pixel,105,,,,,
14,Multiple Calipers,Distances0001,Pixel,,17,166,,,
,,,,,,,,,
15,Multiple Calipers,Distances0001,Pixel,,49,80,,,
,,,,,,,,,
16,Line,Length,Pixel,68,,,,,
17,Line,Length,Pixel,95.08,,,,,
18,Multiple Calipers,Distances0001,Pixel,,65,119,,,
,,,,,,,,,
1,Length,Distance,Pixel,60,,,,,
2,Multiple Calipers,Distances0001,Pixel,,41,98,,,
,,,,,,,,,
3,Multiple Calipers,Distances0001,Pixel,,38,61,,,
,,,,,,,,,
4,Multiple Calipers,Distances0001,Pixel,,19,55,,,
,,,,,,,,,
5,Multiple Calipers,Distances0001,Pixel,,64,114,,,
,,,,,,,,,
6,Line,Length,Pixel,80.31,,,,,
7,Line,Length,Pixel,67.6,,,,,
8,Length,Distance,Pixel,64.03,,,,,
9,Length,Distance,Pixel,80.02,,,,,
10,Line,Length,Pixel,215,,,,,
11,Line,Length,Pixel,73,,,,,
12,Line,Length,Pixel,52,,,,,
1,Length,Distance,Pixel,86.28,,,,,
2,Multiple Calipers,Distances0001,Pixel,,60,103,,,
,,,,,,,,,
3,Multiple Calipers,Distances0001,Pixel,,29,112,157,,
,,,,,,,,,
,,,,,,,,,
4,Multiple Calipers,Distances0001,Pixel,,18,45,,,
,,,,,,,,,
5,Multiple Calipers,Distances0001,Pixel,,27,155,,,
,,,,,,,,,
6,Multiple Calipers,Distances0001,Pixel,,46,84,,,
,,,,,,,,,
7,Multiple Calipers,Distances0001,Pixel,,42.26,86.5,,,
,,,,,,,,,
8,Multiple Calipers,Distances0001,Pixel,,23.99,76.72,,,
,,,,,,,,,
9,Multiple Calipers,Distances0001,Pixel,,41,101,,,
,,,,,,,,,
10,Multiple Calipers,Distances0001,Pixel,,41,68,,,
,,,,,,,,,
11,Line,Length,Pixel,62.39,,,,,
12,Line,Length,Pixel,78,,,,,
13,Length,Distance,Pixel,105,,,,,
14,Multiple Distance,Distances0001,Pixel,,20,55,84,,
,,,,,,,,,
,,,,,,,,,
1,Multiple Calipers,Distances0001,Pixel,,47,101,,,
,,,,,,,,,
2,Multiple Calipers,Distances0001,Pixel,,53,164,190,,
,,,,,,,,,
,,,,,,,,,
3,Multiple Calipers,Distances0001,Pixel,,44,76,,,
,,,,,,,,,
4,Multiple Calipers,Distances0001,Pixel,,40,98,,,
,,,,,,,,,
5,Multiple Calipers,Distances0001,Pixel,,14,52,,,
,,,,,,,,,
6,Multiple Calipers,Distances0001,Pixel,,62,165,,,
,,,,,,,,,
7,Multiple Distance,Distances0001,Pixel,,92,158,206,,
,,,,,,,,,
,,,,,,,,,
8,Line,Length,Pixel,76,,,,,
9,Line,Length,Pixel,45.04,,,,,
10,Line,Length,Pixel,51.16,,,,,
11,Multiple Calipers,Distances0001,Pixel,,26,75,,,
,,,,,,,,,
12,Multiple Calipers,Distances0001,Pixel,,88,126,,,
,,,,,,,,,
13,Multiple Calipers,Distances0001,Pixel,,52,161,216,,
,,,,,,,,,
,,,,,,,,,
14,Multiple Calipers,Distances0001,Pixel,,93,219,296,,
,,,,,,,,,
,,,,,,,,,
15,Length,Distance,Pixel,53,,,,,
16,Length,Distance,Pixel,29,,,,,
17,Line,Length,Pixel,59.3,,,,,
1,Multiple Calipers,Distances0001,Pixel,,21,117,,,
,,,,,,,,,
2,Length,Distance,Pixel,43.42,,,,,
3,Multiple Calipers,Distances0001,Pixel,,46,95,,,
,,,,,,,,,
4,Multiple Calipers,Distances0001,Pixel,,36.66,153.88,,,
,,,,,,,,,
5,Length,Distance,Pixel,67,,,,,
6,Multiple Calipers,Distances0001,Pixel,,67,175,,,
,,,,,,,,,
7,Multiple Calipers,Distances0001,Pixel,,70,162,,,
,,,,,,,,,
8,Line,Length,Pixel,169.5,,,,,
9,Line,Length,Pixel,52.04,,,,,
10,Line,Length,Pixel,72.11,,,,,
11,Line,Length,Pixel,62,,,,,
12,Length,Distance,Pixel,134,,,,,
13,Length,Distance,Pixel,29.07,,,,,
14,Line,Length,Pixel,41,,,,,
15,Length,Distance,Pixel,53,,,,,
16,Multiple Calipers,Distances0001,Pixel,,41,124,,,
,,,,,,,,,
17,Multiple Calipers,Distances0001,Pixel,,52,146,,,
,,,,,,,,,
18,Multiple Calipers,Distances0001,Pixel,,46,82,,,
,,,,,,,,,
1,Multiple Calipers,Distances0001,Pixel,,30,48,97,146,
,,,,,,,,,
,,,,,,,,,
,,,,,,,,,
2,Multiple Calipers,Distances0001,Pixel,,43,131,,,
,,,,,,,,,
3,Multiple Calipers,Distances0001,Pixel,,91,120,,,
,,,,,,,,,
4,Multiple Calipers,Distances0001,Pixel,,23,66,,,
,,,,,,,,,
5,Multiple Calipers,Distances0001,Pixel,,33,115,,,
,,,,,,,,,
6,Multiple Calipers,Distances0001,Pixel,,79,187,,,
,,,,,,,,,
7,Multiple Calipers,Distances0001,Pixel,,34,66,,,
,,,,,,,,,
8,Line,Length,Pixel,57.04,,,,,
9,Line,Length,Pixel,136,,,,,
10,Line,Length,Pixel,112,,,,,
11,Line,Length,Pixel,77,,,,,
12,Line,Length,Pixel,52,,,,,
13,Length,Distance,Pixel,62.03,,,,,
14,Length,Distance,Pixel,50,,,,,
15,Length,Distance,Pixel,39,,,,,
16,Length,Distance,Pixel,47,,,,,
